IsAlone,survival_rate
0,0.5056497175141242
1,0.30353817504655495
