FareBin,survival_rate
Q4,0.581081081081081
Q3,0.45495495495495497
Q2,0.30357142857142855
Q1,0.19730941704035873
