Title,survival_rate
Mrs,0.7936507936507936
Miss,0.7027027027027027
Master,0.575
Rare,0.34782608695652173
Mr,0.15667311411992263
