AgeBin,survival_rate
Child,0.5797101449275363
MidAge,0.390625
Teen,0.38181818181818183
Adult,0.36476868327402134
Senior,0.22727272727272727
